{
    "pages": [
        {
            "path": "pages/index/index",
            "style": {
                "navigationBarTitleText": "精选",
                "navigationStyle": "custom"
            }
        },
        {
            "path": "pages/news/news",
            "style": {
                "navigationBarTitleText": "最新资讯",
                "navigationStyle": "custom"
            }
        },
        {
            "path": "pages/product/product",
            "style": {
                "navigationBarTitleText": "产品",
                "navigationStyle": "custom"
            }
        },
        {
            "path": "pages/user/user",
            "style": {
                "navigationBarTitleText": "我的",
                "navigationStyle": "custom"
            }
        },
        {
            "path": "pages/info/info",
            "style": {
                "navigationBarTitleText": "详情",
                "navigationStyle": "custom"
            }
        },
        {
            "path": "pages/filter/filter",
            "style": {
                "navigationBarTitleText": "内容列表",
                "navigationStyle": "custom"
            }
        },
        {
            "path": "pages/user/login",
            "style": {
                "navigationBarTitleText": "登录",
                "navigationBarBackgroundColor": "#ffffff"
            }
        },
        {
            "path": "pages/user/register",
            "style": {
                "navigationBarBackgroundColor": "#ffffff"
            }
        },
        {
            "path": "pages/user/retrievePassword",
            "style": {
                "navigationBarBackgroundColor": "#ffffff"
            }
        },
        {
            "path": "pages/user/content",
            "style": {
                "navigationBarTitleText": "我的投稿",
                "navigationBarBackgroundColor": "#ffffff",
                "enablePullDownRefresh": true
            }
        },
        {
            "path": "pages/user/contentDetail",
            "style": {
                "navigationBarTitleText": "投稿文章详情",
                "navigationBarBackgroundColor": "#ffffff"
            }
        },
        {
            "path": "pages/user/comment",
            "style": {
                "navigationBarTitleText": "我的评论",
                "navigationBarBackgroundColor": "#ffffff",
                "enablePullDownRefresh": true
            }
        },
        {
            "path": "pages/user/money",
            "style": {
                "navigationBarTitleText": "我的余额",
                "navigationBarBackgroundColor": "#ffffff",
                "enablePullDownRefresh": true
            }
        },
        {
            "path": "pages/user/score",
            "style": {
                "navigationBarTitleText": "我的积分",
                "navigationBarBackgroundColor": "#ffffff",
                "enablePullDownRefresh": true
            }
        },
        {
            "path": "pages/user/order",
            "style": {
                "navigationBarTitleText": "我的订单",
                "navigationBarBackgroundColor": "#ffffff",
                "enablePullDownRefresh": true
            }
        },
        {
            "path": "pages/user/collect",
            "style": {
                "navigationBarTitleText": "我的收藏",
                "navigationBarBackgroundColor": "#ffffff",
                "enablePullDownRefresh": true
            }
        },
        {
            "path": "pages/user/liked",
            "style": {
                "navigationBarTitleText": "赞过的文章",
                "navigationBarBackgroundColor": "#ffffff",
                "enablePullDownRefresh": true
            }
        },
        {
            "path": "pages/user/history",
            "style": {
                "navigationBarTitleText": "浏览记录",
                "navigationBarBackgroundColor": "#ffffff",
                "enablePullDownRefresh": true
            }
        },
        {
            "path": "pages/user/settings",
            "style": {
                "navigationBarTitleText": "设置",
                "navigationBarBackgroundColor": "#ffffff"
            }
        },
        {
            "path": "pages/user/about",
            "style": {
                "navigationBarTitleText": "关于我们",
                "navigationBarBackgroundColor": "#ffffff"
            }
        }
    ],
    "globalStyle": {
        "navigationBarTextStyle": "black",
        "navigationBarTitleText": "BuildAdmin",
        "navigationBarBackgroundColor": "#F8F8F8",
        "backgroundColor": "#F8F8F8"
    },
    "tabBar": {
        "color": "#000000",
        "selectedColor": "#999999",
        "backgroundColor": "#F8F8F8",
        "borderStyle": "white",
        "list": [
            {
                "pagePath": "pages/index/index",
                "text": "精选",
                "iconPath": "/static/images/tabbar_1.png",
                "selectedIconPath": "/static/images/tabbar_1_selected.png"
            },
            {
                "pagePath": "pages/news/news",
                "text": "最新",
                "iconPath": "/static/images/tabbar_2.png",
                "selectedIconPath": "/static/images/tabbar_2_selected.png"
            },
            {
                "pagePath": "pages/product/product",
                "text": "产品",
                "iconPath": "/static/images/tabbar_3.png",
                "selectedIconPath": "/static/images/tabbar_3_selected.png"
            },
            {
                "pagePath": "pages/user/user",
                "text": "我的",
                "iconPath": "/static/images/tabbar_4.png",
                "selectedIconPath": "/static/images/tabbar_4_selected.png"
            }
        ]
    }
}
